<?xml version="1.0" encoding="UTF-8" standalone="yes"?>
<addon id="repository.vietipbox" name="VIB Repo" version="0.1.3" provider-name="TeamVIB">
    <extension point="xbmc.addon.repository" name="VIB Repository">
        <dir>
            <info compressed="false">https://raw.githubusercontent.com/tranduc33/repo/master/zips/addons.xml</info>
            <checksum>https://raw.githubusercontent.com/tranduc33/repo/master/zips/addons.xml.md5</checksum>
            <datadir zip="true">https://raw.githubusercontent.com/tranduc33/repo/master/zips/</datadir>
        </dir>
    </extension>
    <extension point="xbmc.addon.metadata">
        <summary></summary>
        <description></description>
        <disclaimer></disclaimer>
        <platform>all</platform>
        <assets>
            <icon>icon.png</icon>
            <fanart>fanart.jpg</fanart>
        </assets>
    </extension>
</addon>