{
    "directories": {
        "root": {
            "title": "root",
            "logo":  "",
            "desc": "root menu",
            "content": [          
            {"type":"chn","id":"vtc_vinhlong"},          
            {"type":"chn","id":"vtc_dongthap"},
            {"type":"chn","id":"vtc_dongnai"},      
            {"type":"chn","id":"vtvgo_vtv1"},
            {"type":"chn","id":"vtvgo_vtv2"},
            {"type":"chn","id":"vtvgo_vtv3"},
            {"type":"chn","id":"vtvgo_vtv4"},
            {"type":"chn","id":"vtvgo_vtv5"},
            {"type":"chn","id":"vtvgo_vtv6"},
            {"type":"chn","id":"vtvgo_vtv7"},
            {"type":"chn","id":"vtvgo_vtv8"},
            {"type":"chn","id":"vtvgo_vtv9"},
            {"type":"chn","id":"vtvgo_vtv52"},
            {"type":"chn","id":"vtc1"}
            ]
        }
    },
    "channels": {
        "vtvgo_vtv1": {
            "title": "VTV1",
            "logo": "vtv1.png",
            "desc": "Thông tin tổng hợp",
            "src": {
                "id":"vtvgo",
                "playpath": "m3u8_vtvgo",
                "page_url": "https://vtvgo.vn/xem-truc-tuyen-kenh-vtv1-1.html"  
            }
        },
        "vtvgo_vtv2": {
            "title": "VTV2",
            "logo": "vtv2.png",
            "desc": "Khoa học, Giáo dục",
            "src": {
                "id":"vtvgo",
                "playpath": "m3u8_vtvgo",
                "page_url": "https://vtvgo.vn/xem-truc-tuyen-kenh-vtv2-2.html"
            }
        },
        "vtvgo_vtv3": {
            "title": "VTV3",
            "logo": "vtv3.png",
            "desc": "Thể thao, Giải trí, Thông tin Kinh tế",
            "src": {
                "id":"vtvgo",
                "playpath": "m3u8_vtvgo",
                "page_url": "https://vtvgo.vn/xem-truc-tuyen-kenh-vtv3-3.html"
            }
        },
        "vtvgo_vtv4": {
            "title": "VTV4",
            "logo": "vtv4.png",
            "desc": "Kênh cho người Việt Nam ở nước ngoài",
            "src": {
                "id":"vtvgo",
                "playpath": "m3u8_vtvgo",
                "page_url": "https://vtvgo.vn/xem-truc-tuyen-kenh-vtv4-4.html"
            }
        },
        "vtvgo_vtv5": {
            "title": "VTV5",
            "logo": "vtv5TN.png",
            "desc": "Kênh Tiếng Dân tộc Thiểu số",
            "src": {
                "id":"vtvgo",
                "playpath": "m3u8_vtvgo",
                "page_url": "https://vtvgo.vn/xem-truc-tuyen-kenh-vtv5-5.html"
            }
        },
        "vtvgo_vtv6": {
            "title": "VTV6",
            "logo": "vtv6.png",
            "desc": "Kênh cho Thanh, thiếu niên",
            "src": {
                "id":"vtvgo",
                "playpath": "m3u8_vtvgo",
                "page_url": "https://vtvgo.vn/xem-truc-tuyen-kenh-vtv6-6.html"
            }
        },
        "vtvgo_vtv7": {
            "title": "VTV7",
            "logo": "vtv7.png",
            "desc": "Kênh truyền hình Giáo dục Quốc gia",
            "src": {
                "id":"vtvgo",
                "playpath": "m3u8_vtvgo",
                "page_url": "https://vtvgo.vn/xem-truc-tuyen-kenh-vtv7-27.html"
            }
        },
        "vtvgo_vtv8": {
            "title": "VTV8",
            "logo": "vtv8.png",
            "desc": "Kênh truyền hình Tổng hợp",
            "src": {
                "id":"vtvgo",
                "playpath": "m3u8_vtvgo",
                "page_url": "https://vtvgo.vn/xem-truc-tuyen-kenh-vtv8-36.html"
            }
        },
        "vtvgo_vtv9": {
            "title": "VTV9",
            "logo": "vtv9.png",
            "desc": "Kênh cho Khán giả miền Nam",
            "src": {
                "id":"vtvgo",
                "playpath": "m3u8_vtvgo",
                "page_url": "https://vtvgo.vn/xem-truc-tuyen-kenh-vtv9-39.html"
            }
        },
        "vtvgo_vtv52": {
            "title": "VTV5TNB",
            "logo": "vtv5TNB.png",
            "desc": "Kênh cho Khán giả miền Tây Nam Bộ",
            "src": {
                "id":"vtvgo",
                "playpath": "m3u8_vtvgo",
                "page_url": "https://vtvgo.vn/xem-truc-tuyen-kenh-vtv5%20t%C3%A2y%20nam%20b%E1%BB%99-7.html"
            }
        },



        "online_htv9": {
            "title": "HTV9",
            "logo": "htv9.png",
            "desc": "Chính trị, Xã hội, Văn hóa",
            "src": {
                "id":"101vn",
                "playpath": "online",
                "page_url":"http://nex.xemtiviviet.com/next.php?id=tv_194&token=(*)j(TuOTEu(*)Tg1LjEzN(T&st=(*)9}(Tv(*)9}Uv(*)j[gy(*)S[gy(*)zozO(T&sv=5"
            }
        },



        "vtc_vtc1": {
            "title": "VTC1",
            "logo": "vtc1.png",
            "desc": "Thời sự tổng hợp",
            "src": {
                "id":"vtc",
                "playpath": "m3u8_tvnet",
				"page_id":"1007/vtc1",
                "referer": "VTC1/10"
            }
        },
        "vtc_vtc10": {
            "title": "VTC10",
            "logo": "vtc10.png",
            "desc": "Kênh Văn hóa Việt",
            "src": {
                "id":"vtc",
                "playpath": "m3u8_tvnet",
				"page_id":"1006/netviet",
                "referer": "VTC10/22"
            }
        },
        "vtc_vtc16": {
            "title": "VTC16",
            "logo": "vtc.png",
            "desc": "Khoa học, Công nghệ",
            "src": {
                "id":"vtc",
                "playpath": "m3u8_tvnet",
				"page_id":"1018/vtc16",
                "referer": "VTC2/11"
            }
        },
        "vtc_ttxvn": {
            "title": "TTXVN",
            "logo": "default.png",
            "desc": "Thông tin, Giải trí, Thể thao",
            "src": {
                "id":"vtc",
                "playpath": "m3u8_tvnet",
				"page_id":"1019/ttxvn",
                "referer": ""
            }
        },
        "vtc_hochiminh9": {
            "title": "HTV9",
            "logo": "htv9.png",
            "desc": "Chính trị, Xã hội, Văn hóa",
            "src": {
                "id":"vtc",
                "playpath": "m3u8_tvnet",
				"page_id":"1012/htv9",
                "referer": ""
            }
        },
        "vtc_hanoi1": {
            "title": "HN1",
            "logo": "",
            "desc": "Hà Nội 1",
            "src": {
                "id":"vtc",
                "playpath": "m3u8_tvnet",
				"page_id":"1008/hn",
                "referer": ""
            }
        },
        "vtc_dongthap": {
            "title": "THDT",
            "logo": "thdt.png",
            "desc": "Đồng Tháp 1",
            "src": {
                "id":"vtc",
                "playpath": "m3u8_tvnet",
				"page_id":"1053/dong-thap",
                "referer": ""
            }
        },
        "vtc_dongnai": {
            "title": "DN1",
            "logo": "dongnai1.png",
            "desc": "Đồng Nai 1",
            "src": {
                "id":"vtc",
                "playpath": "m3u8_tvnet",
				"page_id":"1042/dong-nai1",
                "referer": ""
            }
        },
        "vtc_vinhlong": {
            "title": "THVL",
            "logo": "thvl1.png",
            "desc": "Vĩnh Long",
            "src": {
                "id":"vtc",
                "playpath": "m3u8_tvnet",
				"page_id":"1031/thvl1",
                "referer": ""
            }
        },



        "vtc1": {
            "title": "VTC1",
            "logo": "vtc1.png",
            "desc": "Thời sự tổng hợp",
            "src": {
                "id":"vtc",
                "playpath": "vtc",
                "page_url": "https://vtc130121.cdn.vnns.io/VTC1_abr/vtc130121/VTC1_720p/chunks.m3u8"
            }
        }
    }
}
