<?xml version="1.0" encoding="UTF-8" standalone="yes"?>
<addon id="plugin.video.PhimBoYoutube" name="Phim Bo YouTube" version="0.1.5" provider-name="teamVIB">
  <requires>
    <import addon="xbmc.python" version="2.1.0"/>
    <import addon="plugin.video.youtube"/>
    <import addon="script.module.web-pdb" />
  </requires>
  <extension point="xbmc.python.pluginsource" library="addon.py">
    <provides>video</provides>
  </extension>
  <extension point="xbmc.addon.metadata">
    <language>en</language>
    <summary lang="en">Xem Phim Bo Youtube</summary>
    <description lang="en">Xem hàng chục ngàn phim bộ được ngữ sang tiếng Việt. Nguồn từ YouTube
	</description>
    <disclaimer lang="en">
    	[COLOR red]Thank you to TVADDONS[/COLOR]
    </disclaimer>
    <platform>all</platform>
  </extension>
</addon>
