{
    "directories": {
        "root": {
            "title": "root",
            "logo":  "",
            "desc": "root menu",
            "content": [
            {"type":"chn","id":"vtv1"},
            {"type":"chn","id":"vtv2"},
            {"type":"chn","id":"vtv3"},
            {"type":"chn","id":"vtv4"},
            {"type":"chn","id":"vtv5"},
            {"type":"chn","id":"vtv6"},
            {"type":"chn","id":"vtv7"},
            {"type":"chn","id":"vtv8"},
            {"type":"chn","id":"vtv9"},
            {"type":"chn","id":"vtv-tnb"},
            {"type":"chn","id":"vtv-tn"},
 

            {"type":"chn","id":"style"},
            {"type":"chn","id":"Vcab7"},
  
            {"type":"chn","id":"vnews"},
            {"type":"chn","id":"nhandan"},
            {"type":"chn","id":"antv"},
            {"type":"chn","id":"qpvn"},
            {"type":"chn","id":"qhtv"},
            {"type":"chn","id":"thdn1"},
            {"type":"chn","id":"thdt"},
            {"type":"chn","id":"thbd"},
            {"type":"chn","id":"thbr"},
            {"type":"chn","id":"thct"},
            {"type":"chn","id":"thtv"},
            {"type":"chn","id":"thtg"},
            {"type":"chn","id":"thkg"},
            {"type":"chn","id":"thhg"},
            {"type":"chn","id":"thag"},
            {"type":"chn","id":"thbt"},
            {"type":"chn","id":"thcm"},
            {"type":"chn","id":"thbthuan"},
            {"type":"chn","id":"thst"},
            {"type":"chn","id":"thbl"},
            
            {"type":"chn","id":"thh"},
            {"type":"chn","id":"danang1"},
            {"type":"chn","id":"ktv"},

            {"type":"chn","id":"thld"},
            {"type":"chn","id":"thqn"},
            {"type":"chn","id":"thtn"},
            {"type":"chn","id":"thhn1"},
            {"type":"chn","id":"thhn2"},
            {"type":"chn","id":"thbg"},
            {"type":"chn","id":"thvp"},
            {"type":"chn","id":"qntv"}
            
            ]
        }
    },
    "channels": {
		"vtv1": {
            "title": "VTV 1",
            "logo": "vtv1.png",
            "desc": "Thông tin tổng hợp",
            "src": {
                "id":"vtv1",
                "playpath": "vtv1-5",
                "page_url": "https://gitlab.com/api/v4/projects/teamVIB%2Flive/repository/files/vtv1-5/raw?ref=master&private_token=glpat-GophsHMAuGPS452D8SVa"
            }
        },
		"vtv2": {
            "title": "VTV 2",
            "logo": "vtv2.png",
            "desc": "Khoa học, Giáo dục",
            "src": {
                "id":"vtv2",
                "playpath": "vtv1-5",
                "page_url": "https://gitlab.com/api/v4/projects/teamVIB%2Flive/repository/files/vtv1-5/raw?ref=master&private_token=glpat-GophsHMAuGPS452D8SVa"
            }
        },
		"vtv3": {
            "title": "VTV 3",
            "logo": "vtv3.png",
            "desc": "Thể thao, Giải trí, Thông tin Kinh tế",
            "src": {
                "id":"vtv3",
                "playpath": "vtv1-5",
                "page_url": "https://gitlab.com/api/v4/projects/teamVIB%2Flive/repository/files/vtv1-5/raw?ref=master&private_token=glpat-GophsHMAuGPS452D8SVa"
            }
        },
		"vtv4": {
            "title": "VTV 4",
            "logo": "vtv4.png",
            "desc": "Kênh cho người Việt Nam ở nước ngoài",
            "src": {
                "id":"vtv4",
                "playpath": "vtv1-5",
                "page_url": "https://gitlab.com/api/v4/projects/teamVIB%2Flive/repository/files/vtv1-5/raw?ref=master&private_token=glpat-GophsHMAuGPS452D8SVa"
            }
        },
		"vtv5": {
            "title": "VTV 5",
            "logo": "vtv5.png",
            "desc": "VTV-5",
            "src": {
                "id":"vtv5",
                "playpath": "vtv1-5",
                "page_url": "https://gitlab.com/api/v4/projects/teamVIB%2Flive/repository/files/vtv1-5/raw?ref=master&private_token=glpat-GophsHMAuGPS452D8SVa"
            }
        },
		"vtv6": {
            "title": "VTV 6",
            "logo": "vtv6.png",
            "desc": "Kênh truyền hình Cần Thơ",
            "src": {
                "id":"vtv6",
                "playpath": "vtv6-11",
                "page_url": "https://gitlab.com/api/v4/projects/teamVIB%2Flive/repository/files/vtv6-11/raw?ref=master&private_token=glpat-GophsHMAuGPS452D8SVa"
            }
        },
		"vtv7": {
            "title": "VTV 7",
            "logo": "vtv7.png",
            "desc": "Kênh truyền hình Giáo dục Quốc gia",
            "src": {
                "id":"vtv7",
                "playpath": "vtv6-11",
                "page_url": "https://gitlab.com/api/v4/projects/teamVIB%2Flive/repository/files/vtv6-11/raw?ref=master&private_token=glpat-GophsHMAuGPS452D8SVa"
            }
        },
		"vtv8": {
            "title": "VTV 8",
            "logo": "vtv8.png",
            "desc": "Kênh truyền hình Tổng hợp",
            "src": {
                "id":"vtv8",
                "playpath": "vtv6-11",
                "page_url": "https://gitlab.com/api/v4/projects/teamVIB%2Flive/repository/files/vtv6-11/raw?ref=master&private_token=glpat-GophsHMAuGPS452D8SVa"
            }
        },
		"vtv9": {
            "title": "VTV 9",
            "logo": "vtv9.png",
            "desc": "Kênh cho Khán giả miền Nam",
            "src": {
                "id":"vtv9",
                "playpath": "vtv6-11",
                "page_url": "https://gitlab.com/api/v4/projects/teamVIB%2Flive/repository/files/vtv6-11/raw?ref=master&private_token=glpat-GophsHMAuGPS452D8SVa"
            }
        },
		"vtv-tnb": {
            "title": "VTV TNB",
            "logo": "vtv5TNB.png",
            "desc": "Kênh cho Khán giả miền Tây Nam Bộ",
            "src": {
                "id":"vtv-tnb",
                "playpath": "vtv6-11",
                "page_url": "https://gitlab.com/api/v4/projects/teamVIB%2Flive/repository/files/vtv6-11/raw?ref=master&private_token=glpat-GophsHMAuGPS452D8SVa"
            }
        },
		"vtv-tn": {
            "title": "VTV TN",
            "logo": "vtv-tn.png",
            "desc": "Kênh cho Khán giả miền Tây Nguyên",
            "src": {
                "id":"vtv-tn",
                "playpath": "vtv6-11",
                "page_url": "https://gitlab.com/api/v4/projects/teamVIB%2Flive/repository/files/vtv6-11/raw?ref=master&private_token=glpat-GophsHMAuGPS452D8SVa"
            }
        },
        "vnews": {
            "title": "VNews",
            "logo": "vnews.png",
            "desc": "Truyền Hình Thông Tấn Xã VN",
            "src": {
                "id":"vtvgo-local",
                "playpath": "vtvgo_local",
                "page_url": "https://gitlab.com/api/v4/projects/teamVIB%2Flive/repository/files/vtvgo_local/raw?ref=master&private_token=glpat-GophsHMAuGPS452D8SVa"
            }
        },
        "htv9": {
            "title": "HTV9",
            "logo": "htv9.png",
            "desc": "Chính trị, Xã hội, Văn hóa",
            "src": {
                "id":"hplus.vn",
                "playpath": "hplus",
                "page_url": "https://hplus.com.vn/xem-kenh-htv9-hd-2667.html"
            }
        },
        "htv1": {
            "title": "HTV1",
            "logo": "htv1.png",
            "desc": "HTV1",
            "src": {
                "id":"hplus.vn",
                "playpath": "hplus",
                "page_url":"https://hplus.com.vn/xem-kenh-htv1-2631.html"
            }
        },
        "htv2": {
            "title": "HTV2",
            "logo": "htv2.png",
            "desc": "HTV2",
            "src": {
                "id":"hplus.vn",
                "playpath": "hplus",
                "page_url":"https://hplus.com.vn/xem-kenh-htv2-hd-2669.html"
            }
        },
        "htv7": {
            "title": "HTV7",
            "logo": "htv7.png",
            "desc": "HTV7",
            "src": {
                "id":"hplus.vn",
                "playpath": "hplus",
                "page_url":"https://hplus.com.vn/xem-kenh-htv7-hd-256.html"
            }
        },
        "thvl1": {
            "title": "Truyền Hình Vĩnh Long 1",
            "logo": "thvl1.png",
            "desc": "",
            "src": {
                "id":"thvl1",
                "playpath": "thvl",
                "page_url": "https://gitlab.com/api/v4/projects/teamVIB%2Flive/repository/files/thvl/raw?ref=master&private_token=glpat-GophsHMAuGPS452D8SVa"
            }
        },
        "thvl2": {
            "title": "Truyền Hình Vĩnh Long 2",
            "logo": "thvl2.jpg",
            "desc": "",
            "src": {
                "id":"thvl2",
                "playpath": "thvl",
                "page_url": "https://gitlab.com/api/v4/projects/teamVIB%2Flive/repository/files/thvl/raw?ref=master&private_token=glpat-GophsHMAuGPS452D8SVa"
            }
        },
        "thvl3": {
            "title": "Truyền Hình Vĩnh Long 3",
            "logo": "thvl3.jpg",
            "desc": "",
            "src": {
                "id":"thvl3",
                "playpath": "thvl",
                "page_url": "https://gitlab.com/api/v4/projects/teamVIB%2Flive/repository/files/thvl/raw?ref=master&private_token=glpat-GophsHMAuGPS452D8SVa"
            }
        },
        "thvl4": {
            "title": "Truyền Hình Vĩnh Long 4",
            "logo": "thvl4.jpg",
            "desc": "",
            "src": {
                "id":"thvl4",
                "playpath": "thvl",
                "page_url": "https://gitlab.com/api/v4/projects/teamVIB%2Flive/repository/files/thvl/raw?ref=master&private_token=glpat-GophsHMAuGPS452D8SVa"
            }
        },
        "thuanviet": {
            "title": "Thuần Việt",
            "logo": "thuanviet.png",
            "desc": "",
            "src": {
                "id":"hplus.vn",
                "playpath": "hplus",
                "page_url":"https://hplus.com.vn/xem-kenh-htvc-thuan-viet-hd-2396.html"
            }
        },
        "Vcab7": {
            "title": "Vcab7",
            "logo": "vcab7.png",
            "desc": "D Drama",
            "src": {
                "id":"vcab",
                "playpath": "vchannel",
                "page_url": "http://www.vietchannels.com/watch2.php?id=516"
            }
        },
        "style": {
            "title": "Style TV",
            "logo": "style.jpg",
            "desc": "",
            "src": {
                "id":"style",
                "playpath": "vchannel",
                "page_url": "http://www.vietchannels.com/watch2.php?id=434"
            }
        },
        "echannel": {
            "title": "E Channel",
            "logo": "echannel.jpg",
            "desc": "",
            "src": {
                "id":"style",
                "playpath": "vchannel",
                "page_url": "http://www.vietchannels.com/watch2.php?id=430"
            }
        },
        "nhandan": {
            "title": "Nhân Dân TV",
            "logo": "nhandan.png",
            "desc": "",
            "src": {
                "id":"nhandan",
                "playpath": "vtvgo_local",
                "page_url": "https://gitlab.com/api/v4/projects/teamVIB%2Flive/repository/files/vtvgo_local/raw?ref=master&private_token=glpat-GophsHMAuGPS452D8SVa"
            }
        },
        "antv": {
            "title": "An Ninh TV",
            "logo": "antv.png",
            "desc": "",
            "src": {
                "id":"antv",
                "playpath": "vtvgo_local",
                "page_url": "https://gitlab.com/api/v4/projects/teamVIB%2Flive/repository/files/vtvgo_local/raw?ref=master&private_token=glpat-GophsHMAuGPS452D8SVa"
            }
        },
        "qpvn": {
            "title": "Quốc Phòng VN",
            "logo": "qpvn.png",
            "desc": "",
            "src": {
                "id":"qpvn",
                "playpath": "vtvgo_local",
                "page_url": "https://gitlab.com/api/v4/projects/teamVIB%2Flive/repository/files/vtvgo_local/raw?ref=master&private_token=glpat-GophsHMAuGPS452D8SVa"
            }
        },
        "qhtv": {
            "title": "Quốc Hội TV",
            "logo": "qhtv.jpg",
            "desc": "",
            "src": {
                "id":"qhtv",
                "playpath": "vtvgo_local",
                "page_url": "https://gitlab.com/api/v4/projects/teamVIB%2Flive/repository/files/vtvgo_local/raw?ref=master&private_token=glpat-GophsHMAuGPS452D8SVa"
            }
        },
        "thdt": {
            "title": "Truyền Hình Đồng Tháp",
            "logo": "thdt.png",
            "desc": "",
            "src": {
                "id":"thdt",
                "playpath": "local",
                "page_url": "https://gitlab.com/api/v4/projects/teamVIB%2Flive/repository/files/local/raw?ref=master&private_token=glpat-GophsHMAuGPS452D8SVa"
            }
        },
        "thdn1": {
            "title": "Truyền Hình Đồng Nai 1",
            "logo": "dongnai1.png",
            "desc": "",
            "src": {
                "id":"thdn1",
                "playpath": "vtvgo_local",
                "page_url": "https://gitlab.com/api/v4/projects/teamVIB%2Flive/repository/files/vtvgo_local/raw?ref=master&private_token=glpat-GophsHMAuGPS452D8SVa"
            }
        },
        "thbd": {
            "title": "Truyền Hình Bình Dương",
            "logo": "btv1.png",
            "desc": "",
            "src": {
                "id":"thbd",
                "playpath": "regex",
                "page_url": "https://gitlab.com/api/v4/projects/teamVIB%2Flive/repository/files/regex/raw?ref=master&private_token=glpat-GophsHMAuGPS452D8SVa"
            }
        },
		"thbr": {
            "title": "Truyền Hình Bà Rịa Vũng Tàu",
            "logo": "thbr.png",
            "desc": "",
            "src": {
                "id":"thbr",
                "playpath": "local",
                "page_url": "https://gitlab.com/api/v4/projects/teamVIB%2Flive/repository/files/local/raw?ref=master&private_token=glpat-GophsHMAuGPS452D8SVa"
            }
        },
        "thct": {
            "title": "Truyền Hình Cần Thơ",
            "logo": "thct.png",
            "desc": "",
            "src": {
                "id":"thct",
                "playpath": "vtvgo_local",
                "page_url": "https://gitlab.com/api/v4/projects/teamVIB%2Flive/repository/files/vtvgo_local/raw?ref=master&private_token=glpat-GophsHMAuGPS452D8SVa"
            }
        },
		"thtg": {
            "title": "Truyền Hình Tiền Giang",
            "logo": "thtg.jpg",
            "desc": "",
            "src": {
                "id":"thtg",
                "playpath": "vtvgo_local",
                "page_url": "https://gitlab.com/api/v4/projects/teamVIB%2Flive/repository/files/vtvgo_local/raw?ref=master&private_token=glpat-GophsHMAuGPS452D8SVa"
            }
        },
		"thhg": {
            "title": "Truyền Hình Hậu Giang",
            "logo": "hgtv.png",
            "desc": "",
            "src": {
                "id":"thhg",
                "playpath": "vtvgo_local",
                "page_url": "https://gitlab.com/api/v4/projects/teamVIB%2Flive/repository/files/vtvgo_local/raw?ref=master&private_token=glpat-GophsHMAuGPS452D8SVa"
            }
        },
		"thkg": {
            "title": "Truyền Hình Kiên Giang",
            "logo": "kgtv.png",
            "desc": "",
            "src": {
                "id":"thkg",
                "playpath": "vtvgo_local",
                "page_url": "https://gitlab.com/api/v4/projects/teamVIB%2Flive/repository/files/vtvgo_local/raw?ref=master&private_token=glpat-GophsHMAuGPS452D8SVa"
            }
        },
    	"thag": {
            "title": "Truyền Hình An Giang",
            "logo": "agtv.png",
            "desc": "",
            "src": {
                "id":"thkg",
                "playpath": "vtvgo_local",
                "page_url": "https://gitlab.com/api/v4/projects/teamVIB%2Flive/repository/files/vtvgo_local/raw?ref=master&private_token=glpat-GophsHMAuGPS452D8SVa"
            }
        },
        "thbt": {
            "title": "Truyền Hình Bến Tre",
            "logo": "thbt.png",
            "desc": "",
            "src": {
                "id":"thbt",
                "playpath": "vtvgo_local",
                "page_url": "https://gitlab.com/api/v4/projects/teamVIB%2Flive/repository/files/vtvgo_local/raw?ref=master&private_token=glpat-GophsHMAuGPS452D8SVa"
            }
        },
        "thcm": {
            "title": "Truyền Hình Cà Mau",
            "logo": "thcm.png",
            "desc": "",
            "src": {
                "id":"thcm",
                "playpath": "direct",
                "page_url": "http://tv.ctvcamau.vn/live/tv/tv.m3u8"
            }
        },
        "thbthuan": {
            "title": "Truyền Hình Bình Thuận",
            "logo": "thbthuan.jpg",
            "desc": "",
            "src": {
                "id":"thbthuan",
                "playpath": "local",
                "page_url": "https://gitlab.com/api/v4/projects/teamVIB%2Flive/repository/files/local/raw?ref=master&private_token=glpat-GophsHMAuGPS452D8SVa"
            }
        },
        "thtv": {
            "title": "Truyền Hình Trà Vinh",
            "logo": "thtv.png",
            "desc": "",
            "src": {
                "id":"thtv",
                "playpath": "vtvgo_local",
                "page_url": "https://gitlab.com/api/v4/projects/teamVIB%2Flive/repository/files/vtvgo_local/raw?ref=master&private_token=glpat-GophsHMAuGPS452D8SVa"
            }
        },
        "thst": {
            "title": "Truyền Hình Sóc Trăng",
            "logo": "thst.png",
            "desc": "",
            "src": {
                "id":"thst",
                "playpath": "vtvgo_local",
                "page_url": "https://gitlab.com/api/v4/projects/teamVIB%2Flive/repository/files/vtvgo_local/raw?ref=master&private_token=glpat-GophsHMAuGPS452D8SVa"
            }
        },
        "thbl": {
            "title": "Truyền Hình Bạc Liêu",
            "logo": "thbl.png",
            "desc": "",
            "src": {
                "id":"thbl",
                "playpath": "vtvgo_local",
                "page_url": "https://gitlab.com/api/v4/projects/teamVIB%2Flive/repository/files/vtvgo_local/raw?ref=master&private_token=glpat-GophsHMAuGPS452D8SVa"
            }
        },
    
        "danang1": {
            "title": "Truyền Hình Đà Nẵng 1",
            "logo": "drt1b.png",
            "desc": "",
            "src": {
                "id":"thdn1",
                "playpath": "vtvgo_local",
                "page_url": "https://gitlab.com/api/v4/projects/teamVIB%2Flive/repository/files/vtvgo_local/raw?ref=master&private_token=glpat-GophsHMAuGPS452D8SVa"
            }
        },
        "ktv": {
            "title": "Truyền Hình Khánh Hòa",
            "logo": "ktv.png",
            "desc": "",
            "src": {
                "id":"ktv",
                "playpath": "direct",
                "page_url": "https://tv.ktv.org.vn/hls/ktv1.m3u8"
            }
        },
        "la34": {
            "title": "Truyền Hình Long An",
            "logo": "la34.png",
            "desc": "",
            "src": {
                "id":"ktv",
                "playpath": "direct",
                "page_url": "https://la34.vncdn.vn/live/LA34AAA/playlist.m3u8"
            }
        },



        "thld": {
            "title": "Truyền Hình Lâm Đồng",
            "logo": "thld.png",
            "desc": "",
            "src": {
                "id":"thld",
                "playpath": "direct",
                "page_url": "http://118.107.85.5:1935/live/smil:LTV.smil/playlist.m3u8"
            }
        },
        "thqn": {
            "title": "Truyền Hình Quảng Nam",
            "logo": "thqn.png",
            "desc": "",
            "src": {
                "id":"thqn",
                "playpath": "direct",
                "page_url": "http://113.161.6.157:8081/hls-live/livepkgr/_definst_/liveevent/livestream.m3u8"
            }
        },
        "thh": {
            "title": "Truyền Hình Thừa Thiên HUẾ",
            "logo": "thh.jpg",
            "desc": "",
            "src": {
                "id":"thh",
                "playpath": "direct",
                "page_url": "https://live.trt.com.vn/TRT-Online/playlist.m3u8"
            }
        },
        "thtn": {
            "title": "Truyền Hình Tây Ninh",
            "logo": "thtn.png",
            "desc": "",
            "src": {
                "id":"thtn",
                "playpath": "vtvgo_local",
                "page_url": "https://gitlab.com/api/v4/projects/teamVIB%2Flive/repository/files/vtvgo_local/raw?ref=master&private_token=glpat-GophsHMAuGPS452D8SVa"
            }
        },
        "thhn1": {
            "title": "Truyền Hình Hà Nội 1",
            "logo": "hn1.png",
            "desc": "",
            "src": {
                "id":"thhn1",
                "playpath": "vtvgo_local",
                "page_url": "https://gitlab.com/api/v4/projects/teamVIB%2Flive/repository/files/vtvgo_local/raw?ref=master&private_token=glpat-GophsHMAuGPS452D8SVa"
            }
        },
        "thhn2": {
            "title": "Truyền Hình Hà Nội 2",
            "logo": "hn2.jpg",
            "desc": "",
            "src": {
                "id":"thhn2",
                "playpath": "vtvgo_local",
                "page_url": "https://gitlab.com/api/v4/projects/teamVIB%2Flive/repository/files/vtvgo_local/raw?ref=master&private_token=glpat-GophsHMAuGPS452D8SVa"
            }
        },
        "thbg": {
            "title": "Truyền Hình Bắc Giang",
         	"logo": "bgtv.png",
            "desc": "",
            "src": {
                "id":"thbg",
                "playpath": "vtvgo_local",
                "page_url": "https://gitlab.com/api/v4/projects/teamVIB%2Flive/repository/files/vtvgo_local/raw?ref=master&private_token=glpat-GophsHMAuGPS452D8SVa"
            }
        },
        "thvp": {
            "title": "Truyền Hình Vĩnh Phúc",
         	"logo": "vptv.jpg",
            "desc": "",
            "src": {
                "id":"thvp",
                "playpath": "vtvgo_local",
                "page_url": "https://gitlab.com/api/v4/projects/teamVIB%2Flive/repository/files/vtvgo_local/raw?ref=master&private_token=glpat-GophsHMAuGPS452D8SVa"
            }
        },
        "qntv": {
            "title": "Truyền Hình Quảng Ninh",
         	"logo": "qntv.png",
            "desc": "",
            "src": {
                "id":"qntv",
                "playpath": "vtvgo_local",
                "page_url": "https://gitlab.com/api/v4/projects/teamVIB%2Flive/repository/files/vtvgo_local/raw?ref=master&private_token=glpat-GophsHMAuGPS452D8SVa"
            }
        }

    }
}
