<?xml version="1.0" encoding="UTF-8" standalone="yes"?>
<addon id="plugin.video.kenhtrongnuoc.kd20"
       name="Kênh Trong Nước"
       version="2.3.1"
       provider-name="Son Tranduc">
  <requires>
    <import addon="xbmc.python" version="3.0.0"/>
    <import addon="script.module.t1mlib" version="4.0.1"/>
    <import addon="script.module.web-pdb" />
  </requires>
  <extension point="xbmc.python.pluginsource"
            library="default.py">
        <provides>video</provides>
  </extension>
  <extension point="xbmc.addon.metadata">
    <summary lang="en_GB">Kênh Trong Nước</summary>
    <description lang="en_GB">Xem các kênh truyền hình Việt ngữ phát từ Việt Nam</description>
    <disclaimer lang="en_GB">Can only watch unpaid programs</disclaimer>
    <platform>all</platform>
    <language>en</language>
    <license>GPL-2.0-or-later</license>
    <assets>
        <icon>resources/icon.png</icon>
        <fanart>resources/fanart.jpg</fanart>
    </assets>
  </extension>
</addon>
