{
    "directories": {
        "root": {
            "title": "root",
            "logo":  "",
            "desc": "root menu",
            "content": [
            {"type":"chn","id":"sgtv"},
            {"type":"chn","id":"lstv"},
            {"type":"chn","id":"vietoday"},
            {"type":"chn","id":"vstv"},
            {"type":"chn","id":"set"},
            {"type":"chn","id":"set2"},
            {"type":"chn","id":"vbs"},
            {"type":"chn","id":"ibc"},
            {"type":"chn","id":"vietsky"},
            {"type":"chn","id":"viet-mtv"},
            {"type":"chn","id":"vnbc"},
            
            {"type":"chn","id":"tennis"},
            {"type":"chn","id":"lsn"},
            {"type":"chn","id":"pbs"},
            {"type":"chn","id":"cnn"},
            {"type":"chn","id":"foxnews"},
            {"type":"chn","id":"fox_weather"},
            {"type":"chn","id":"cbsn"}
            ]
        }
    },
    "channels": {
        "sgtv": {
            "title": "SAIGON TV",
            "logo": "sgtv.png",
            "desc": "",
            "src": {
                "id":"sgtv",
                "playpath": "tulix",
                "page_url": "https://swf.tulix.tv/iframe/vchannel/saigon.php"
            }
        },
        "vstv": {
            "title": "VSTV",
            "logo": "vstv.jpg",
            "desc": "",
            "src": {
                "id":"vchn",
                "playpath": "vchannel",
                "page_url": "http://www.vietchannels.com/watch2.php?id=427"
            }
        },
        "vietoday": {
            "title": "VIET TODAY",
            "logo": "vietoday.png",
            "desc": "",
            "src": {
                "id":"vietoday",
                "playpath": "tulix",
                "page_url": "http://www.vietchannels.com/live.php?id=507"
            }
        },
        "lstv": {
            "title": "LITTLE SAIGON TV",
            "logo": "lstv.png",
            "desc": "",
            "src": {
                "id":"lstv",
                "playpath": "lstv",
                "page_url": "https://gitlab.com/api/v4/projects/teamVIB%2Flive/repository/files/lstv/raw?ref=master&private_token=glpat-GophsHMAuGPS452D8SVa"
            }
        },
        "set": {
            "title": "S.E.T",
            "logo": "set.png",
            "desc": "",
            "src": {
                "id":"set",
                "playpath": "non-scrape",
                "page_url": "https://5dcab9aed5331.streamlock.net/SET1/livestream/chunklist_w732934357.m3u8"
            }
        },
        "set2": {
            "title": "S.E.T 2",
            "logo": "set2.png",
            "desc": "",
            "src": {
                "id":"set",
                "playpath": "non-scrape",
                "page_url": "https://5dcabf026b188.streamlock.net/SET22/livestream/chunklist_w1355138568.m3u8"
            }
        },
        "vbs": {
            "title": "VBS TV",
            "logo": "vbs.png",
            "desc": "",
            "src": {
                "id":"vbs",
                "playpath": "non-scrape",
                "page_url": "https://tgn.bozztv.com/trn08/vbstv/ngrp:vbstv_all/playlist.m3u8"
            }
        },
        "ibc": {
            "title": "IBC TV",
            "logo": "ibc.png",
            "desc": "",
            "src": {
                "id":"ibc",
                "playpath": "non-scrape",
                "page_url": "https://59d39900ebfb8.streamlock.net/ibctv/ibctv/chunklist_w150884894.m3u8"
            }
        },
        "vna": {
            "title": "VNA TV",
            "logo": "vna.jpg",
            "desc": "",
            "src": {
                "id":"vna",
                "playpath": "vietmedia",
                "page_url": "https://livestream.com/accounts/27740027/events/9163789/player"
            }
        },
        "viet-mtv": {
            "title": "VIET MTV",
            "logo": "viet-mtv.png",
            "desc": "",
            "src": {
                "id":"viet-mtv",
                "playpath": "non-scrape",
                "page_url": "https://live.relentlessinnovations.net:1936/vietmtv/vietmtv/playlist.m3u8"
            }
        },
        "vnbc": {
            "title": "VNBC",
            "logo": "vnbc.png",
            "desc": "",
            "src": {
                "id":"vnbc",
                "playpath": "non-scrape",
                "page_url": "https://live.relentlessinnovations.net:1936/vnbc/vnbc/playlist.m3u8"
            }
        },
        "vietsky": {
            "title": "VIETSKY TV",
            "logo": "vietsky.png",
            "desc": "",
            "src": {
                "id":"vchn",
                "playpath": "vietsky",
                "page_url": "http://www.vietchannels.com/live.php?id=448"
            }
        },
        "vietmedia": {
            "title": "VIETMEDIA TV",
            "logo": "vietmedia.png",
            "desc": "",
            "src": {
                "id":"vietmedia",
                "playpath": "vietmedia",
                "page_url": "https://livestream.com/accounts/27740027/events/8840647"
            }
        },
        "onphim": {
            "title": "ON PHIM",
            "logo": "onphim.jpg",
            "desc": "",
            "src": {
                "id":"vchn",
                "playpath": "vchannel",
                "page_url": "http://www.vietchannels.com/watch2.php?id=428"
            }
        },
        "onsports": {
            "title": "ON SPORTS",
            "logo": "on-sports.png",
            "desc": "",
            "src": {
                "id":"onsports",
                "playpath": "vchannel",
                "page_url": "http://www.vietchannels.com/watch2.php?id=515"
            }
        },
        "onbiz": {
            "title": "ON BIZ",
            "logo": "onbiz.jpg",
            "desc": "",
            "src": {
                "id":"vchn",
                "playpath": "vchannel",
                "page_url": "http://www.vietchannels.com/watch2.php?id=429"
            }
        },
        "cnn": {
            "title": "CNN",
            "logo": "cnn.png",
            "desc": "",
            "src": {
                "id":"cnn",
                "playpath": "non-scrape",
                "page_url": "https://turnerlive.warnermediacdn.com/hls/live/586495/cnngo/cnn_slate/VIDEO_0_3564000.m3u8"
            }
        },
        "foxnews": {
            "title": "FOX NEWS",
            "logo": "foxnews.png",
            "desc": "",
            "src": {
                "id":"foxnews",
                "playpath": "non-scrape",
                "page_url": "https://fox-foxnewsnow-samsungus.amagi.tv/playlist.m3u8"
            }
        },
        "fox_weather": {
            "title": "FOX WEATHER",
            "logo": "fox-weather.png",
            "desc": "",
            "src": {
                "id":"fox_weather",
                "playpath": "non-scrape",
                "page_url": "https://csm-e-eb.csm.tubi.video/csm/extlive/tubiprd01,Fox-Weather.m3u8"
            }
        },
        "cbsn": {
            "title": "CBSN",
            "logo": "cbsn.jpg",
            "desc": "",
            "src": {
                "id":"cbsn",
                "playpath": "non-scrape",
                "page_url": "https://cbsn-us.cbsnstream.cbsnews.com/out/v1/55a8648e8f134e82a470f83d562deeca/master.m3u8"
            }
        },
        "ngw": {
            "title": "NAT GEO WILD",
            "logo": "ngw.png",
            "desc": "",
            "src": {
                "id":"ngw",
                "playpath": "non-scrape",
                "page_url": "http://admdn2.cdn.mangomolo.com/nagtv/smil:nagtv.stream.smil/playlist.m3u8"
            }
        },
        "tennis": {
            "title": "TENNIS",
            "logo": "tennis.png",
            "desc": "",
            "src": {
                "id":"tennis.png",
                "playpath": "non-scrape",
                "page_url": "https://tennischannel-intl-samsung-uk.amagi.tv/playlist.m3u8"
            }
        },
        "tnt": {
            "title": "TNT",
            "logo": "tnt.png",
            "desc": "",
            "src": {
                "id":"tennis.png",
                "playpath": "non-scrape",
                "page_url": "https://tve-live-lln.warnermediacdn.com/hls/live/2023168/tnteast/slate/VIDEO_0_3564000.m3u8"
            }
        },
        "truTV": {
            "title": "truTV",
            "logo": "trutv.png",
            "desc": "",
            "src": {
                "id":"trutv.png",
                "playpath": "non-scrape",
                "page_url": "https://tve-live-lln.warnermediacdn.com/hls/live/2023176/trueast/slate/VIDEO_0_3564000.m3u8"
            }
        },
        "tbs": {
            "title": "TBS",
            "logo": "tbs.png",
            "desc": "",
            "src": {
                "id":"trutv.png",
                "playpath": "non-scrape",
                "page_url": "https://tve-live-lln.warnermediacdn.com/hls/live/2023172/tbseast/slate/VIDEO_0_3564000.m3u8"
            }
        },
        "pbs": {
            "title": "PBS Kids",
            "logo": "pbs.png",
            "desc": "",
            "src": {
                "id":"",
                "playpath": "non-scrape",
                "page_url": "https://pbs.lls.cdn.pbs.org/est/index.m3u8"
            }
        },
        "cartoon": {
            "title": "CARTOON NETWORK",
            "logo": "cartoon-network.jpg",
            "desc": "",
            "src": {
                "id":"",
                "playpath": "non-scrape",
                "page_url": "https://tve-live-lln.warnermediacdn.com/hls/live/2023180/toonwest/slate/VIDEO_0_3564000.m3u8"
            }
        },
        "lsn": {
            "title": "Lax Sports Network",
            "logo": "lax-sports-network.jpg",
            "desc": "",
            "src": {
                "id":"",
                "playpath": "non-scrape",
                "page_url": "https://1840769862.rsc.cdn77.org/FTF/LSN_SCTE.m3u8"
            }
        }
    }
}


