<?xml version="1.0" encoding="UTF-8"?>
<addon
	id="plugin.video.kenhtrongnuoc"
	version="0.2.1"
	name="Truyen Hinh Trong Nuoc"
	provider-name="Son Tranduc">
	<requires>
		<import addon="xbmc.python" version="2.25.0"/>
		<import version="1.11.0" addon="script.module.six"/>
		<import version="2.12.4" addon="script.module.requests"/>
	</requires>
	<extension point="xbmc.python.pluginsource" library="tvvn.py">
		<provides>video</provides>
	</extension>
	<extension point="xbmc.addon.metadata">
		<platform>all</platform>
		<language>en vi</language>
		<summary lang="en_GB">Truyền Hình Trong Nước</summary>
		<summary lang="vi"></summary>
		<description lang="en_GB">This plugin allows you to watch live FREE TV channels from Viet Nam</description>
		<description lang="vi">Xem trực tiếp các kênh truyền hình từ Việt Nam.</description>
		<disclaimer lang="en_GB">All live streams are pulled from online providers and in no way represent my views or opinions</disclaimer>
		<disclaimer lang="vi">Tất cả live streams được tải về từ các nhà cung cấp dịch vụ. Tác giả phần mềm này không chịu trách nhiệm về nội dung của chúng.</disclaimer>
		<license>GNU GENERAL PUBLIC LICENSE. Version 3, 29 June 2007</license>
	</extension>
</addon>
